id,Synopstationsnummer,Stationsname,Länge [°E],Breite [°N],Höhe [m],Startdatum,Enddatum,Bundesland,Sonnenschein,Globalstrahlung
5882,11082,GUMPOLDSKIRCHEN,16.280834,48.035831,212.0,2018-03-30,2100-12-31,NOE,,
13401,11176,KAPFENBERG-FLUGFELD,15.335556,47.458332,515.0,2018-05-24,2100-12-31,STMK,ja,ja
2117,11297,HORN -  WASSERWERK,15.643888,48.674999,308.0,2019-04-16,2100-12-31,NOE,ja,ja
16906,11108,GASCHURN,10.031667,46.980278,985.0,2020-09-01,2100-12-31,VBG,ja,ja
20209,8989076,KLAGENFURT/HTL1-LASTENSTRASSE,14.316667,46.619446,441.0,2021-04-21,2100-12-31,KNT,,
1416,11008,ROHRBACH,14.004444,48.567223,613.0,2021-10-15,2100-12-31,OOE,ja,ja
7956,11395,ANDAU,17.035555,47.77,117.0,2021-06-16,2100-12-31,BGL,ja,ja
500,11021,LITSCHAU,15.038333,48.954723,558.0,1983-10-01,2100-12-31,NOE,ja,ja
501,11021,LITSCHAU,15.033334,48.966667,570.0,1973-04-01,1983-10-31,NOE,ja,nein
620,,WAIDHOFEN/THAYA,15.283334,48.900002,505.0,1983-04-01,1985-06-30,NOE,nein,nein
710,,SCHOENFELD,15.416667,48.783333,585.0,1961-01-01,1981-12-31,NOE,ja,nein
726,11047,RAABS/THAYA,15.501945,48.848057,458.5,2008-06-01,2100-12-31,NOE,ja,ja
900,11022,RETZ,15.95,48.766666,242.0,1949-01-01,1984-12-31,NOE,ja,ja
901,11022,RETZ,15.95,48.753613,256.0,1984-01-01,1995-05-31,NOE,ja,ja
905,11022,RETZ/WINDMUEHLE,15.941667,48.761112,320.0,1993-12-01,2100-12-31,NOE,ja,ja
1000,,ALT-PRERAU,16.466667,48.799999,184.0,1935-07-01,1938-12-31,NOE,nein,nein
1410,11008,ROHRBACH,14.0,48.566666,602.0,1982-01-01,1994-07-31,OOE,ja,nein
1415,11008,ROHRBACH,13.994166,48.569721,597.0,1994-06-01,2021-10-31,OOE,,ja
1420,,SCHLAEGEL,13.968889,48.636391,543.0,1969-12-16,1983-09-30,OOE,ja,nein
1600,11015,FREISTADT,14.5,48.516666,548.0,1961-11-01,1973-11-30,OOE,ja,nein
1601,11015,FREISTADT,14.506111,48.506111,549.0,1992-01-01,2014-08-31,OOE,ja,ja
1602,11068,FREISTADT,14.506389,48.49472,539.0,2014-03-01,2100-12-31,OOE,nein,ja
1710,,LIEBENAU,14.805278,48.532776,998.0,1992-09-01,1994-04-30,OOE,ja,ja
1800,11025,WEITRA,14.898889,48.698055,580.0,1982-09-01,2000-12-31,NOE,ja,nein
1802,11025,WEITRA,14.898611,48.702221,572.0,2003-09-01,2100-12-31,NOE,ja,ja
1900,,SCHWARZENAU,15.266389,48.746666,500.0,1982-08-01,2000-12-31,NOE,ja,nein
1901,,SCHWARZENAU,15.258611,48.74361,504.0,2001-09-01,2001-09-30,NOE,nein,nein
1910,11020,STIFT ZWETTL,15.2,48.616665,506.0,1930-08-01,1976-12-31,NOE,nein,nein
1920,11020,STIFT ZWETTL,15.203611,48.617779,502.4,1994-10-01,2100-12-31,NOE,ja,ja
2114,11388,HORN,15.653611,48.670555,318.4,2007-07-01,2020-10-06,NOE,ja,ja
2115,11023,GARS/KAMP,15.667778,48.595554,267.0,1981-08-01,2016-05-18,NOE,ja,ja
2207,11334,SCHOENGRABERN,16.061666,48.603333,253.0,2007-07-01,2100-12-31,NOE,ja,ja
2230,,PILLERSDORF/OEHLBERG,15.933333,48.716667,315.0,1992-06-01,1995-01-31,NOE,ja,ja
2401,11335,LAA/TH.KLAERANLAGE,16.389723,48.731388,184.0,2006-12-18,2100-12-31,NOE,ja,ja
2430,11332,MISTELBACH,16.609444,48.570835,191.0,2004-07-01,2100-12-31,NOE,ja,nein
2500,11032,POYSDORF,16.633333,48.666668,208.0,1965-11-01,1988-12-31,NOE,ja,nein
2502,11032,POYSDORF,16.633333,48.666668,209.0,1989-01-01,1992-03-31,NOE,ja,nein
2503,11032,POYSDORF-OST,16.637501,48.669167,198.0,1992-01-01,2100-12-31,NOE,ja,ja
2510,,WILFERSDORF,16.65,48.583332,192.0,1981-08-01,1985-06-30,NOE,nein,nein
2600,,HOHENAU/MARCH,16.904444,48.617222,155.0,1961-01-01,2000-12-31,NOE,nein,nein
2601,11333,HOHENAU,16.904444,48.61639,154.0,2007-07-01,2022-02-28,NOE,ja,ja
2902,11004,REICHERSBERG,13.376111,48.331112,351.0,2008-06-25,2100-12-31,OOE,ja,ja
2910,11055,SCHAERDING,13.434444,48.464169,307.0,1992-12-01,2100-12-31,OOE,ja,ja
3111,11058,WAIZENKIRCHEN,13.864722,48.326668,400.0,2008-06-25,2100-12-31,OOE,ja,ja
3120,,ASCHACH,14.016666,48.383335,282.0,1973-06-01,1994-05-31,OOE,nein,ja
3202,11060,LINZ-STADT,14.285277,48.296391,262.0,1992-06-01,2100-12-31,OOE,ja,ja
3210,,REICHENAU-OOE.,14.3475,48.457222,685.0,1980-01-01,2001-07-31,OOE,ja,nein
3266,,LINZ/PETRIUM,14.266666,48.299999,304.0,1932-10-01,1939-02-28,OOE,ja,nein
3400,,ALLERHEILIGEN,14.639722,48.304722,542.0,1974-11-01,1998-12-31,OOE,nein,nein
3410,,PABNEUKIRCHEN,14.819445,48.31889,595.0,1970-09-01,2001-07-31,OOE,ja,nein
3425,11057,BAD ZELL,14.663611,48.355,554.0,2008-11-09,2100-12-31,OOE,ja,ja
3500,11014,KOENIGSWIESEN,14.838611,48.408611,608.0,1969-12-01,1976-12-31,OOE,nein,nein
3520,11367,BAERNKOPF,15.002778,48.391109,969.0,2003-11-01,2100-12-31,NOE,ja,ja
3600,,GUTENBRUNN-MARTINSBERG,15.15,48.383335,810.0,1982-08-01,1996-02-29,NOE,ja,nein
3605,,MARTINSBERG,15.156111,48.37611,810.0,1995-10-01,2000-12-31,NOE,ja,nein
3700,,JAUERLING,15.348056,48.337223,860.0,1974-01-01,1992-12-31,NOE,nein,nein
3703,,JAUERLING/OBERNDORF,15.35,48.333332,860.0,1960-01-01,1962-12-31,NOE,nein,nein
3801,,KREMS,15.622222,48.41861,207.0,1977-06-01,1996-04-30,NOE,ja,nein
4081,11030,LANGENLEBARN,16.118055,48.323891,175.0,1992-08-01,2100-12-31,NOE,ja,ja
4153,,DEUTSCH WAGRAM,16.583334,48.316666,160.0,1961-05-01,1962-12-31,NOE,nein,nein
4501,11051,BRAUNAU/RANSHOFEN,13.028334,48.224167,382.0,1994-06-01,2100-12-31,OOE,ja,ja
4515,11061,OSTERMIETHING,12.831667,48.053055,412.0,2008-06-25,2100-12-31,OOE,ja,ja
4611,11049,MATTIGHOFEN,13.151111,48.097221,460.0,2008-07-01,2100-12-31,OOE,ja,ja
4705,11053,RIED IM INNKREIS,13.475,48.217224,427.0,1997-07-01,2100-12-31,OOE,ja,ja
4800,,GALLSPACH,13.816667,48.200001,400.0,1966-12-01,1990-06-30,OOE,ja,nein
4810,11001,WOLFSEGG,13.675834,48.105835,634.0,1964-01-01,1995-04-30,OOE,ja,nein
4815,11001,WOLFSEGG,13.670834,48.105556,635.1,1995-06-01,2100-12-31,OOE,ja,ja
4821,11056,VOECKLABRUCK,13.645555,48.006668,432.0,2008-09-01,2100-12-31,OOE,ja,ja
4905,11059,WELS-SCHLEISSHEIM,14.071389,48.162777,309.0,1982-09-10,2100-12-31,OOE,ja,ja
5000,11010,HOERSCHING,14.188056,48.235279,298.0,1943-03-01,2100-12-31,OOE,ja,nein
5010,11012,KREMSMUENSTER,14.132222,48.055279,383.0,1887-02-01,2007-10-31,OOE,ja,nein
5012,11012,KREMSMUENSTER (TAWES),14.131111,48.055,382.0,1988-01-01,2100-12-31,OOE,ja,ja
5101,,ENNS,14.483334,48.216667,317.0,1961-01-01,1988-07-31,OOE,ja,nein
5110,,STEYR,14.433333,48.033333,336.0,1970-01-01,1976-12-31,OOE,nein,ja
5111,,STEYR-STADTGUT,14.433333,48.066666,309.0,1956-01-01,1984-10-31,OOE,ja,ja
5112,,WACHTBERG/STEYR,14.461945,48.048054,392.0,1985-04-01,2005-12-31,NOE,ja,nein
5116,11374,WACHTBERG BEI STEYR,14.461111,48.047501,384.0,2008-06-01,2100-12-31,NOE,ja,ja
5130,11002,ENNS,14.450277,48.195835,317.0,2008-07-01,2100-12-31,OOE,ja,ja
5300,11018,AMSTETTEN-GIESSHUEBL,14.9,48.099998,318.0,1972-08-01,1986-10-31,NOE,ja,nein
5301,11018,AMSTETTEN,14.866667,48.116665,328.0,1955-10-01,1977-11-30,NOE,ja,nein
5304,11018,AMSTETTEN/GREINSFURTH,14.85,48.099998,282.0,1989-08-01,1989-09-30,NOE,ja,nein
5315,11018,AMSTETTEN/KLAERANLAGE,14.898611,48.108055,265.0,1993-02-01,2000-06-30,NOE,ja,ja
5316,11018,AMSTETTEN,14.895,48.108891,266.0,2000-07-01,2100-12-31,NOE,ja,ja
5320,,YBBS/PERSENBEUG,15.066667,48.183334,231.0,1973-01-01,1998-12-31,NOE,nein,ja
5400,,MELK,15.354167,48.209167,240.0,1977-03-01,1995-12-31,NOE,ja,nein
5410,,OBERNDORF/MELK,15.215278,48.063889,297.0,1978-01-01,2000-12-31,NOE,ja,nein
5412,11376,OBERNDORF/MELK,15.213889,48.0625,295.0,2007-07-01,2100-12-31,NOE,ja,ja
5413,11054,MELK,15.331388,48.209721,307.0,2008-09-01,2100-12-31,NOE,ja,ja
5421,11379,WIESELBURG,15.146667,48.127224,259.0,2007-07-01,2100-12-31,NOE,ja,ja
5430,,PETZENKIRCHEN,15.15,48.150002,252.0,1970-01-01,1973-11-30,NOE,ja,ja
5600,11028,ST.POELTEN/HESSERKASERNE,15.616667,48.200001,272.0,1955-08-01,1993-12-31,NOE,ja,nein
5601,,ST.POELTEN/VIEHOFEN,15.616667,48.216667,274.0,1948-01-01,1955-07-31,NOE,nein,nein
5606,,ST.POELTEN/KOPALKASERNE,15.611111,48.180279,282.0,1994-01-01,2002-06-30,NOE,nein,nein
5607,11028,ST.POELTEN/WALLSEERER STRASSE,15.622222,48.194168,277.0,1973-07-01,1979-03-31,NOE,ja,nein
5609,11389,ST.POELTEN/LANDHAUS,15.631111,48.199722,273.6,2003-07-01,2100-12-31,NOE,ja,ja
5625,11078,LILIENFELD-TARSCHBERG,15.5875,48.028057,696.0,1977-09-01,2100-12-31,NOE,ja,ja
5700,,ALTENMARKT/TRIESTING,16.0,48.016666,397.0,1976-04-01,1982-12-31,NOE,nein,nein
5701,11391,KLAUSEN-LEOPOLDSDORF,16.001667,48.088612,389.0,2007-12-01,2100-12-31,NOE,ja,ja
5725,11031,KOHLREITHBERG,15.935278,48.175835,490.0,2001-06-01,2010-06-23,NOE,ja,ja
5735,11066,BUCHBERG,15.945,48.213612,460.0,2009-11-01,2100-12-31,NOE,ja,ja
5802,11044,WIEN-JUBILAEUMSWARTE,16.265278,48.221111,450.0,1979-10-01,2100-12-31,WIE,ja,ja
5804,,WIEN-MARIABRUNN,16.233334,48.200001,226.0,1951-01-01,1983-12-31,WIE,nein,nein
5805,11080,WIEN-MARIABRUNN,16.229445,48.206944,225.0,1979-10-01,2100-12-31,WIE,ja,ja
5904,11035,WIEN-HOHE WARTE,16.356388,48.248611,198.0,1991-03-28,2100-12-31,WIE,ja,ja
5917,11040,WIEN/UNTERLAA,16.419445,48.125,200.0,1996-01-01,2100-12-31,WIE,ja,ja
5970,,GROSS-ENZERSDORF,16.566668,48.200001,153.0,1951-01-01,1992-08-31,NOE,nein,nein
5990,11036,SCHWECHAT,16.581388,48.1175,183.0,1951-01-01,2100-12-31,NOE,ja,nein
6020,,FUCHSENBIGL,16.748056,48.191944,149.0,1961-01-01,1998-12-31,NOE,nein,nein
6102,11394,BRUCKNEUDORF,16.844999,48.012779,165.6,2007-11-01,2100-12-31,BGL,ja,ja
6300,11150,SALZBURG-FLUGHAFEN,13.008333,47.789444,430.0,1933-09-01,2100-12-31,SAL,ja,ja
6305,11350,SALZBURG-FREISAAL,13.054167,47.791111,419.0,1992-01-01,2100-12-31,SAL,ja,ja
6400,,IRRSDORF,13.273334,47.973888,570.0,1978-09-01,2000-12-31,SAL,ja,nein
6511,,MONDSEE,13.333333,47.866665,544.0,1961-01-01,2001-07-31,OOE,ja,nein
6600,,EBENSEE,13.790833,47.810276,424.0,1961-09-19,1978-12-31,OOE,nein,nein
6611,11155,FEUERKOGEL,13.717778,47.816666,1618.1,1987-07-07,2100-12-31,OOE,ja,ja
6619,11154,GMUNDEN,13.783334,47.916668,424.0,1961-01-01,1982-12-31,OOE,ja,ja
6621,11254,ALTMUENSTER,13.773334,47.879166,438.0,2014-11-01,2100-12-31,OOE,ja,ja
6803,11347,MICHELDORF,14.134444,47.883057,459.0,2008-07-31,2100-12-31,OOE,ja,ja
6920,,ZOEBELBODEN-UBA,14.441667,47.841667,899.0,1996-06-01,1996-12-31,OOE,ja,nein
7000,,WEYER,14.666667,47.866665,410.0,1968-06-01,1989-06-30,OOE,ja,nein
7020,,LUNZ,15.0,47.849998,612.0,1961-01-01,1977-09-30,NOE,ja,nein
7110,11170,LUNZ AM SEE,15.0675,47.854443,612.0,1994-09-01,2100-12-31,NOE,ja,ja
7200,11172,MARIAZELL,15.316667,47.766666,875.0,1970-12-01,1987-12-31,STMK,ja,nein
7220,11172,ST.SEBASTIAN/MARIAZELL,15.303056,47.793335,872.0,1988-01-01,2000-12-31,STMK,nein,nein
7221,11171,MARIAZELL/ST.SEBASTIAN-FLUGFELD,15.302222,47.789165,864.0,2000-08-01,2100-12-31,STMK,ja,ja
7300,,ANNABERG,15.4,47.883335,840.0,1975-10-01,1989-12-31,NOE,ja,nein
7500,11382,PUCHBERG/SCHNEEBERG,15.909445,47.790279,580.0,1982-12-01,2003-04-30,NOE,ja,ja
7502,,PUCHBERG,15.916667,47.783333,590.0,1977-08-01,1982-12-31,NOE,ja,nein
7531,11385,HOHE WAND/HOCHKOGELHAUS,16.035,47.822224,936.9,1993-05-01,2100-12-31,NOE,ja,ja
7601,11182,WR.NEUSTADT - FOHLENHOF,16.266666,47.799999,270.0,1971-01-01,1979-12-31,NOE,ja,nein
7603,11182,WR.NEUSTADT-FLUGPL.,16.22139,47.840279,285.0,1954-07-01,1996-04-30,NOE,ja,nein
7604,11182,WR.NEUSTADT/FLUGPLATZ,16.231388,47.832222,275.0,1992-09-01,2100-12-31,NOE,ja,ja
7606,,WR.NEUSTADT - REBANLAGE,16.266666,47.796665,272.0,1964-01-01,1970-12-31,NOE,nein,nein
7610,11378,GUTENSTEIN/MARIAHILFBERG,15.876111,47.871387,708.9,1977-09-01,2100-12-31,NOE,ja,ja
7641,11079,BERNDORF,16.10111,47.939167,337.0,2007-07-01,2100-12-31,NOE,nein,ja
7700,11190,EISENSTADT,16.516666,47.849998,210.0,1976-06-01,1988-11-30,BGL,ja,nein
7701,11190,EISENSTADT,16.516666,47.849998,195.0,1976-05-01,1977-01-31,BGL,ja,nein
7704,11190,EISENSTADT-NORDOST,16.538334,47.854168,184.0,1989-01-01,2100-12-31,BGL,ja,ja
7803,,RUST,16.016666,47.783333,123.0,1966-07-01,1985-09-30,BGL,nein,ja
7818,,ILLMITZ,16.768888,47.771111,117.0,1990-12-01,2004-03-31,BGL,ja,ja
7900,,NEUSIEDL AM SEE,16.866667,47.950001,133.0,1925-10-21,1985-09-29,BGL,ja,nein
7906,11194,NEUSIEDL AM SEE,16.841667,47.950832,148.0,1984-05-01,2100-12-31,BGL,ja,ja
7912,11084,PODERSDORF,16.834444,47.866112,116.0,2014-07-22,2100-12-31,BGL,ja,ja
7955,8989072,ANDAU  alt,17.033333,47.772499,118.0,1995-08-01,2100-12-31,BGL,ja,ja
8200,,LOCHAU,9.75,47.516666,414.0,1980-01-01,1987-02-28,VBG,ja,nein
9011,,OBERNDORF/EBBS,12.2,47.616665,474.0,1984-01-01,1996-11-30,TIR,ja,nein
9110,11131,KOESSEN,12.393888,47.662777,588.0,2008-09-01,2100-12-31,TIR,ja,ja
9215,11337,LOFERER ALM,12.646111,47.597778,1619.0,1994-11-01,2100-12-31,SAL,ja,ja
9410,,HALLEIN,13.1,47.683334,450.0,1978-06-01,1987-04-30,SAL,nein,nein
9501,11369,ABTENAU,13.343333,47.566666,709.0,2008-06-01,2100-12-31,SAL,ja,ja
9610,11156,BAD ISCHL,13.631667,47.716667,469.0,1968-01-01,2003-10-31,OOE,ja,nein
9620,,KRIPPENSTEIN,13.7,47.516666,2050.0,1956-03-01,2008-03-31,OOE,ja,ja
9801,11157,AIGEN/ENNSTAL,14.138333,47.532776,641.0,1992-08-01,2100-12-31,STMK,ja,ja
10005,11199,MOOSLANDL,14.761666,47.647499,530.0,1997-01-01,2100-12-31,STMK,nein,ja
10100,,EISENERZ,14.9,47.549999,792.0,1986-01-01,1986-05-31,STMK,nein,nein
10101,,EISENERZ,14.883333,47.549999,737.0,1984-12-01,1985-03-31,STMK,nein,nein
10111,11161,PRAEBICHL,14.954166,47.521667,1215.0,2000-09-01,2100-12-31,STMK,ja,ja
10412,11180,RAX/SEILBAHNBERGSTATION,15.778611,47.717499,1547.0,1995-04-01,2100-12-31,NOE,ja,ja
10415,11383,SEMMERING,15.828333,47.633335,988.0,1998-11-01,2100-12-31,NOE,ja,ja
10416,,SEMMERING/SUEDBAHN-HOTEL,15.833333,47.633335,1000.0,1961-01-01,1978-03-31,NOE,nein,nein
10500,11185,MOENICHKIRCHEN,16.033333,47.511112,991.0,1983-06-01,2100-12-31,NOE,ja,ja
10502,11185,MOENICHKIRCHEN,16.049999,47.5,980.0,1961-10-01,1983-06-30,NOE,ja,ja
10508,,BREITENSTEIN,15.836111,47.663612,825.0,1988-01-01,2003-12-31,NOE,nein,nein
10510,11380,REICHENAU/RAX,15.836945,47.699722,488.0,1982-09-01,2100-12-31,NOE,ja,ja
10531,11381,POTTSCHACH,16.008055,47.700832,416.0,2007-07-01,2100-12-31,NOE,ja,ja
10550,11384,HIRSCHENKOGEL,15.833333,47.623333,1318.0,1993-12-01,2100-12-31,NOE,ja,ja
10607,11188,ASPANG,16.101389,47.575001,454.0,2007-11-01,2100-12-31,NOE,ja,ja
10710,11189,MATTERSBURG,16.389166,47.744999,283.9,2007-11-01,2100-12-31,BGL,ja,ja
10800,,DEUTSCHKREUTZ,16.633055,47.610279,192.0,1986-04-01,2008-06-30,BGL,nein,nein
11100,11101,BREGENZ,9.75,47.5,436.0,1961-01-01,1990-12-31,VBG,nein,nein
11102,11101,BREGENZ,9.746111,47.499168,424.0,1986-01-01,2007-12-31,VBG,ja,nein
11104,11101,BREGENZ,9.746111,47.499168,424.0,1987-03-01,2100-12-31,VBG,ja,ja
11106,11104,FRAXERN,9.674444,47.314167,807.0,2003-07-16,2100-12-31,VBG,ja,ja
11108,,FUSSACH,9.666667,47.483334,400.0,1958-01-01,1967-12-31,VBG,ja,nein
11110,11105,FELDKIRCH,9.6,47.266666,439.0,1947-04-08,1994-12-31,VBG,ja,ja
11112,11302,DORNBIRN,9.725555,47.432499,407.0,1992-01-01,2100-12-31,VBG,ja,ja
11115,11105,FELDKIRCH,9.609722,47.271111,438.4,1993-10-01,2100-12-31,VBG,ja,ja
11130,,VIKTORSBERG,9.683333,47.299999,820.0,1974-01-01,1996-02-29,VBG,ja,nein
11135,11301,ALBERSCHWENDE,9.848611,47.4575,715.0,1995-11-01,2100-12-31,VBG,ja,ja
11146,11299,ROHRSPITZ,9.63,47.497223,395.0,2008-07-23,2100-12-31,VBG,nein,ja
11203,11303,SCHOPPERNAU,10.017777,47.31139,839.0,2007-08-07,2100-12-31,VBG,ja,ja
11301,11306,SCHROECKEN,10.086111,47.261665,1244.0,2007-11-01,2100-12-31,VBG,ja,ja
11305,11308,WARTH,10.186111,47.255833,1478.0,1984-12-01,2100-12-31,VBG,ja,ja
11311,11187,MITTELBERG,10.1525,47.323334,1204.0,2009-06-01,2100-12-31,VBG,ja,ja
11402,11315,HOLZGAU,10.338611,47.2575,1092.0,2007-08-05,2100-12-31,TIR,ja,ja
11410,11111,TANNHEIM,10.505834,47.500278,1100.0,2008-09-01,2100-12-31,TIR,ja,ja
11505,11314,REUTTE,10.715278,47.494446,841.8,1994-07-01,2100-12-31,TIR,ja,ja
11603,11118,EHRWALD,10.92,47.404167,982.0,2007-10-01,2100-12-31,TIR,ja,ja
11700,11119,SEEFELD,11.166667,47.333332,1200.0,1969-01-01,1976-12-31,TIR,nein,nein
11706,11119,SEEFELD,11.175555,47.324722,1181.9,1997-06-01,2100-12-31,TIR,ja,ja
11800,11120,INNSBRUCK-FLUGPLATZ,11.355278,47.258888,579.0,1971-01-01,1989-12-31,TIR,nein,ja
11801,,INNSBRUCK-UNIV.,11.385,47.260555,577.0,1921-12-01,2008-04-30,TIR,ja,ja
11803,11320,INNSBRUCK-UNIV.,11.384167,47.259998,578.0,1986-05-01,2100-12-31,TIR,ja,ja
11804,11120,INNSBRUCK-FLUGPLATZ,11.356667,47.259998,578.0,1992-07-01,2100-12-31,TIR,ja,ja
11900,,JENBACH,11.75,47.383335,530.0,1969-11-01,1994-07-31,TIR,ja,nein
11901,11325,JENBACH,11.758056,47.388889,530.0,1994-07-01,2021-10-22,TIR,ja,ja
12015,11125,ALPBACH,11.940278,47.396946,929.0,2007-11-01,2100-12-31,TIR,ja,ja
12202,11336,KITZBUEHEL,12.394167,47.447224,746.1,2007-01-01,2014-03-21,TIR,ja,ja
12203,11279,KITZBUEHEL,12.389167,47.44389,772.0,2014-11-18,2100-12-31,TIR,ja,ja
12207,,KITZBUEHEL,12.366667,47.466667,783.0,1961-01-01,1973-08-31,TIR,ja,nein
12210,11135,HAHNENKAMM,12.366667,47.433334,1665.0,1961-01-01,2001-04-30,TIR,ja,nein
12212,11135,HAHNENKAMM-EHRENBACHHOEHE,12.366667,47.416668,1760.0,1968-08-01,1975-12-31,TIR,ja,nein
12215,11135,HAHNENKAMM-EHRENBACHHOEHE,12.359167,47.418335,1793.8,1992-11-12,2100-12-31,TIR,ja,ja
12220,,UTTENDORF,12.569167,47.262779,803.0,1973-12-18,1974-09-30,SAL,nein,nein
12300,,SAALBACH,12.643056,47.392223,1022.0,1975-10-23,2000-11-30,SAL,ja,nein
12301,11366,SAALBACH,12.689167,47.378334,1022.0,1992-06-01,2001-08-31,SAL,ja,nein
12302,11366,SAALBACH,12.648334,47.387779,975.0,2008-09-30,2100-12-31,SAL,ja,ja
12311,11340,SCHMITTENHOEHE,12.738055,47.328609,1956.0,1983-10-01,2100-12-31,SAL,ja,ja
13250,11174,ST.MICHAEL B. LEOBEN,15.005,47.335556,570.0,1984-09-01,2013-05-31,STMK,ja,ja
13300,11175,BRUCK/MUR,15.266666,47.416668,489.0,1929-07-01,1976-05-31,STMK,ja,nein
13305,11370,KAPFENBERG,15.298333,47.445835,504.7,1997-02-01,2018-05-23,STMK,ja,ja
13308,11249,FROHNLEITEN,15.315,47.255554,421.0,2008-09-01,2100-12-31,STMK,ja,ja
13726,,SCHOENAU,16.283333,47.333332,505.0,1991-01-01,1991-05-31,BGL,ja,nein
13805,11397,HIRSCHENSTEIN,16.379168,47.345276,858.9,2007-02-01,2014-09-16,BGL,ja,ja
13906,11393,LUTZMANNSBURG,16.660555,47.464169,201.0,1995-10-01,2000-05-31,BGL,ja,ja
14104,11102,BLUDENZ,9.823611,47.154167,564.8,2007-08-01,2015-09-09,VBG,nein,ja
14110,,LAZ,9.816667,47.183334,900.0,1976-12-01,1976-12-31,VBG,nein,nein
14200,,VANDANS,9.864445,47.089443,670.0,1977-07-01,2008-05-31,VBG,ja,ja
14400,11112,LANDECK,10.566667,47.133335,818.0,1978-01-01,1981-12-31,TIR,nein,nein
14500,,HOCHSERFAUS,10.6,47.033333,1815.0,1961-01-01,1976-12-31,TIR,ja,ja
14525,,FAGGEN,10.683333,47.083332,900.0,1961-01-01,1969-03-31,TIR,ja,nein
14631,11117,UMHAUSEN,10.928889,47.139168,1035.0,2003-07-01,2100-12-31,TIR,nein,ja
14801,11128,BRENNER,11.513333,47.005554,1445.0,1992-11-01,2009-03-31,TIR,ja,ja
14812,11126,PATSCHERKOFEL,11.462222,47.208889,2251.0,1993-08-01,2100-12-31,TIR,ja,ja
14822,11123,RINN,11.503889,47.249168,924.0,2007-11-01,2100-12-31,TIR,ja,ja
14825,11326,SCHMIRN,11.580277,47.087223,1464.0,2004-11-01,2100-12-31,TIR,nein,ja
15001,11322,MAYRHOFEN,11.850555,47.159443,643.0,1992-08-01,2007-08-31,TIR,ja,ja
15100,11136,KRIMML,12.183333,47.233334,1062.0,1969-01-01,1976-04-30,SAL,nein,nein
15201,,MATREI-PROSSEG,12.533334,47.016666,950.0,1976-01-01,1989-12-31,TIR,ja,nein
15320,11138,RUDOLFSHUETTE,12.616667,47.133335,2304.0,1980-03-01,2002-02-28,SAL,ja,nein
15340,,KALS,12.65,47.0,1347.0,1976-01-01,1989-12-31,TIR,nein,nein
15401,,RAURIS,12.983334,47.25,916.0,1989-07-01,1993-12-31,SAL,ja,nein
15410,11146,SONNBLICK,12.9575,47.054165,3109.0,1887-02-01,2009-04-06,SAL,ja,ja
15430,11344,KOLM SAIGURN,12.984722,47.069443,1626.0,1974-06-01,2100-12-31,SAL,ja,ja
15500,11145,BAD GASTEIN,13.133333,47.116665,1100.0,1972-04-01,1995-10-31,SAL,ja,nein
15505,,BAD HOFGASTEIN,13.105556,47.171944,850.0,1984-05-01,2005-08-31,SAL,ja,nein
15610,11149,OBERTAUERN,13.559722,47.24889,1772.0,1994-04-01,2100-12-31,SAL,ja,ja
15701,11148,ST.MICHAEL/LUNGAU,13.631667,47.095001,1049.0,1988-07-01,2008-04-01,SAL,ja,nein
15710,,TAMSWEG,13.81,47.124722,1012.0,1976-07-01,1993-10-31,SAL,nein,nein
15715,11349,KATSCHBERG,13.614722,47.060555,1635.0,1998-11-01,2100-12-31,KNT,ja,ja
15900,,OBERWOELZ,14.283055,47.201111,810.0,1961-01-01,1991-07-31,STMK,ja,nein
15906,,KRAKAUEBENE/TERRASSE,13.952222,47.187222,1310.0,1996-08-01,2001-12-31,STMK,nein,ja
15911,11163,STOLZALPE,14.185833,47.121666,1215.0,2000-01-04,2004-06-30,STMK,ja,nein
16015,11220,NEUMARKT,14.424723,47.069721,869.0,1993-06-01,2100-12-31,STMK,ja,ja
16400,11240,GRAZ-FLUGHAFEN,15.44,46.980556,340.0,1969-05-01,2100-12-31,STMK,ja,ja
16401,,GRAZ-MESSENDORFBERG,15.489722,47.046944,435.0,1974-11-01,2001-07-31,STMK,ja,nein
16402,,GRAZ-UNIVERSITAET,15.447778,47.079723,366.0,1911-06-01,2005-01-31,STMK,ja,nein
16412,11290,GRAZ-UNIVERSITAET,15.448889,47.077778,367.0,1988-06-01,2100-12-31,STMK,ja,ja
16413,11238,GRAZ/STRASSGANG,15.410277,47.046112,357.0,2007-11-01,2100-12-31,STMK,ja,ja
16420,11241,SCHOECKL,15.468056,47.198612,1436.0,1961-01-01,1995-12-31,STMK,ja,nein
16421,11241,SCHOECKL,15.466389,47.198612,1443.0,1992-12-01,2100-12-31,STMK,ja,ja
16500,,GLEISDORF,15.710834,47.113335,375.0,1979-01-01,1998-12-31,STMK,nein,nein
16501,11247,GLEISDORF,15.708055,47.115555,377.0,2007-06-01,2100-12-31,STMK,nein,ja
16521,11243,WEIZ,15.634444,47.218334,465.7,1984-10-01,2013-05-28,STMK,nein,ja
16601,11246,FUERSTENFELD,16.080833,47.030834,271.0,2007-07-01,2100-12-31,STMK,ja,ja
16702,11198,GUESSING,16.321945,47.0625,215.3,2008-07-01,2100-12-31,BGL,ja,ja
16711,11392,WOERTERBERG,16.096666,47.226112,404.0,2007-07-01,2100-12-31,BGL,ja,ja
16800,11192,KLEINZICKEN,16.335556,47.2075,265.0,1992-12-01,2100-12-31,BGL,ja,ja
16802,11192,KLEINZICKEN,16.333334,47.216667,267.0,1978-11-01,1993-04-30,BGL,ja,nein
16920,,GARGELLEN,9.916667,46.966667,1474.0,1953-01-01,1962-09-30,VBG,ja,nein
17002,11312,GALTUER,10.185555,46.968056,1587.0,1996-11-01,2100-12-31,TIR,ja,ja
17010,,KOPS,10.116667,46.966667,1829.0,1963-01-01,1996-01-31,VBG,ja,nein
17100,,NAUDERS,10.5,46.900002,1360.0,1961-01-01,2001-03-31,TIR,ja,nein
17102,11113,NAUDERS,10.496944,46.891109,1330.2,2004-06-01,2100-12-31,TIR,nein,ja
17300,11127,OBERGURGL,11.027223,46.8675,1938.0,1953-05-01,1998-12-31,TIR,ja,nein
17301,11127,OBERGURGL,11.024445,46.866943,1941.0,1999-01-01,2100-12-31,TIR,ja,ja
17305,,VENT,10.933333,46.866665,1908.0,1939-01-01,1977-12-31,TIR,ja,nein
17315,11316,PITZTALER GLETSCHER,10.879167,46.926945,2863.9,1993-12-16,2100-12-31,TIR,ja,ja
17320,11318,BRUNNENKOGEL,10.861667,46.912777,3437.0,2003-07-01,2100-12-31,TIR,nein,nein
17701,11300,ST.JAKOB/DEF.,12.353889,46.916943,1383.0,2007-07-07,2100-12-31,TIR,ja,ja
17900,11204,LIENZ,12.783334,46.816666,668.0,1934-06-20,2003-01-31,TIR,ja,ja
17901,11204,LIENZ,12.806389,46.825554,661.4,1985-12-01,2100-12-31,TIR,ja,ja
18001,11206,DOELLACH,12.9025,46.958057,1071.0,2004-05-26,2100-12-31,KNT,ja,ja
18120,,OBERVELLACH,13.233334,46.933334,778.0,1970-01-01,1981-12-31,KNT,ja,nein
18122,11262,OBERVELLACH,13.194445,46.935276,688.0,2014-07-01,2100-12-31,KNT,ja,ja
18200,,LITZLHOF,13.433333,46.833332,580.0,1960-01-01,1992-10-31,KNT,ja,nein
18300,11211,RADENTHEIN,13.7,46.783333,685.0,1980-01-01,1995-11-30,KNT,nein,nein
18402,11222,FLATTNITZ,14.036111,46.940834,1437.0,2007-07-01,2100-12-31,KNT,nein,ja
18600,,FRIESACH,14.42,46.955276,634.0,1958-06-01,2007-12-31,KNT,ja,nein
18800,11214,PREITENEGG,14.916667,46.933334,1055.0,1978-02-01,1981-01-31,KNT,nein,nein
18905,11285,DEUTSCHLANDSBERG,15.228889,46.821667,354.0,1994-07-01,2001-04-30,STMK,ja,nein
19010,,SILBERBERG/LEIBNITZ,15.516666,46.783333,300.0,1972-01-01,1989-10-31,STMK,ja,nein
19204,11244,BAD GLEICHENBERG,15.903611,46.872223,269.0,2003-05-01,2100-12-31,STMK,ja,ja
19205,11298,FELDBACH,15.879723,46.948891,323.0,1998-11-01,2100-12-31,STMK,ja,ja
19715,,VORHEGG,12.972222,46.677776,1020.0,1990-12-03,2010-04-30,KNT,ja,ja
19730,,LAAS,12.983334,46.683334,800.0,1969-07-01,2000-12-31,KNT,ja,nein
19731,,LAAS,12.983334,46.683334,891.0,1961-01-01,1968-09-30,KNT,ja,nein
19800,11207,REISACH,13.154166,46.648335,646.0,2006-02-02,2007-12-31,KNT,nein,nein
19810,,WEISSBRIACH,13.25,46.683334,817.0,1980-01-01,1980-12-31,KNT,ja,nein
19911,11259,HERMAGOR,13.492222,46.609722,562.0,2008-07-01,2100-12-31,KNT,ja,ja
20002,11218,BAD BLEIBERG,13.684444,46.625278,908.7,2007-08-01,2100-12-31,KNT,ja,ja
20020,11212,VILLACHER ALPE,13.673333,46.603611,2140.0,1933-06-01,2100-12-31,KNT,ja,nein
20021,11265,VILLACHER ALPE,13.672778,46.603611,2117.0,1994-08-01,2100-12-31,KNT,ja,ja
20030,,ARNOLDSTEIN,13.7,46.549999,555.0,1978-04-01,1990-12-31,KNT,nein,ja
20100,,KANZELHOEHE,13.906667,46.678055,1526.0,1953-04-01,2003-01-31,KNT,ja,nein
20101,11216,KANZELHOEHE,13.901944,46.677223,1520.0,2002-01-01,2100-12-31,KNT,ja,ja
20102,,KANZELHOEHE,13.9,46.666668,1477.0,1928-01-01,1952-12-31,KNT,ja,nein
20105,11275,ARRIACH,13.8525,46.727779,890.0,1990-07-01,2100-12-31,KNT,ja,ja
20106,,ARRIACH,13.85,46.733334,896.0,1947-08-01,1952-05-31,KNT,ja,nein
20110,,VELDEN,14.033334,46.616665,535.0,1961-01-01,1982-12-31,KNT,ja,nein
20118,11213,VILLACH/SEEBACH,13.8775,46.616943,492.0,1969-07-01,1980-03-31,KNT,ja,nein
20122,11213,VILLACH,13.866667,46.616665,495.0,1980-01-01,1990-03-31,KNT,ja,nein
20200,,FERLACH,14.303333,46.532501,474.0,1953-06-01,1983-09-30,KNT,ja,nein
20202,11235,FERLACH,14.314167,46.531113,459.0,2007-08-01,2100-12-31,KNT,ja,ja
20210,11231,KLAGENFURT-FLUGPLATZ,14.333333,46.650002,447.0,1883-08-01,2008-01-31,KNT,ja,ja
20211,11231,KLAGENFURT-FLUGHAFEN,14.333333,46.650002,447.0,1991-04-01,1996-12-31,KNT,ja,ja
20212,11231,KLAGENFURT-FLUGHAFEN,14.318334,46.648335,450.0,1996-09-01,2100-12-31,KNT,ja,ja
20213,,KLAGENFURT,14.333333,46.650002,447.0,1996-11-01,2008-12-31,KNT,ja,nein
20230,,RUPERTIBERG,14.1,46.566666,715.0,1965-01-01,1971-12-31,KNT,nein,nein
20235,,KIRSCHENTHEUER,14.266666,46.533333,441.0,1965-01-01,1971-09-30,KNT,nein,nein
20240,,FEISTRITZ/ROSENTAL,14.15,46.533333,466.0,1965-01-01,1971-12-31,KNT,nein,nein
20270,11227,FELDKIRCHEN,14.096945,46.721943,546.0,1995-07-01,2100-12-31,KNT,ja,ja
20330,,HOCHOBIR,14.483334,46.5,2041.0,1883-09-01,1944-06-30,KNT,ja,nein
20404,11232,FEISTRITZ ob BLEIBURG,14.7675,46.559166,530.0,2006-02-02,2007-07-31,KNT,nein,nein
20408,11224,VOELKERMARKT,14.618611,46.661388,473.1,2008-07-01,2015-10-31,KNT,ja,ja
20412,11232,FEISTRITZ ob BLEIBURG,14.766666,46.558887,532.0,2007-08-01,2100-12-31,KNT,ja,ja
20901,11248,BAD RADKERSBURG,15.978611,46.686668,208.0,1992-11-01,2000-06-30,STMK,ja,ja
20902,11248,BAD RADKERSBURG,15.979445,46.685833,209.8,2001-01-01,2016-04-30,STMK,ja,ja
21300,11234,BAD EISENKAPPEL,14.593333,46.490555,623.0,1982-10-01,2100-12-31,KNT,ja,ja
21302,,BAD EISENKAPPEL,14.6,46.483334,605.0,1967-06-01,1982-12-31,KNT,ja,nein
20411,11257,VOELKERMARKT-GOLDBRUNNHOF,14.639167,46.670834,466.0,2015-10-20,2100-12-31,KNT,nein,nein
3701,,JAUERLING/RASOCHER-HAUS,15.333333,48.333332,959.0,1975-06-01,1976-12-31,NOE,nein,nein
3702,11024,JAUERLING/ORF,15.339167,48.334446,955.0,1993-12-01,2100-12-31,NOE,ja,ja
3710,,JOCHING,15.459444,48.386112,212.0,1974-02-01,1992-12-31,NOE,nein,nein
3720,,UNTERLOIBEN,15.55,48.383335,201.0,1974-01-01,1984-09-30,NOE,nein,nein
3800,,KREMS-LANDERSDORF,15.616667,48.416668,200.0,1977-05-01,1982-09-30,NOE,ja,nein
3805,11070,KREMS,15.622222,48.41861,202.0,1996-02-01,2100-12-31,NOE,ja,ja
3807,,KREMS,15.6,48.416668,223.0,1974-01-01,1977-05-31,NOE,ja,nein
3811,11075,LANGENLOIS,15.697222,48.4725,207.0,1989-11-01,2100-12-31,NOE,ja,ja
4305,11085,ZWERNDORF,16.831388,48.338055,144.0,1996-12-01,2100-12-31,NOE,ja,ja
4224,11048,GAENSERNDORF-STADT,16.713612,48.337776,163.0,2002-11-01,2100-12-31,NOE,ja,ja
4030,11027,STOCKERAU,16.192499,48.396946,203.0,1997-06-01,2100-12-31,NOE,ja,ja
4070,,KORNEUBURG,16.316668,48.349998,167.0,1961-01-01,1988-05-31,NOE,ja,nein
4071,,KORNEUBURG,16.316668,48.349998,170.0,1988-06-01,1989-02-28,NOE,ja,nein
4080,11030,LANGENLEBARN,16.119167,48.324444,175.0,1951-01-01,2001-09-30,NOE,ja,nein
4102,,WIEN-KAHLENBERG,16.333334,48.266666,481.0,1951-01-01,1980-12-31,WIE,nein,nein
4115,11042,WIEN/STAMMERSDORF,16.405556,48.305832,191.0,2008-12-01,2100-12-31,WIE,ja,ja
4125,11045,WOLKERSDORF,16.5075,48.38028,185.0,2008-07-23,2100-12-31,NOE,nein,ja
4170,,SCHLEINBACH,16.433332,48.583332,199.0,1978-01-01,1982-04-30,NOE,ja,nein
4200,,GROSS SCHWEINBARTH,16.65,48.416668,180.0,1982-02-01,1985-11-30,NOE,ja,nein
4210,,MATZEN,16.700001,48.400002,189.0,1968-05-01,1982-08-31,NOE,ja,nein
4220,,OBERSIEBENBRUNN,16.700001,48.266666,150.0,1951-01-01,1988-11-30,NOE,ja,ja
4500,,RANSHOFEN,13.033334,48.216667,382.0,1980-01-01,1989-12-31,OOE,nein,nein
5820,11077,BRUNN AM GEBIRGE,16.27,48.106945,290.6,1978-07-11,2100-12-31,NOE,ja,ja
5870,11081,BADEN,16.235556,48.011391,244.8,1979-10-01,2012-05-31,NOE,ja,ja
5880,,GUMPOLDSKIRCHEN,16.283333,48.033333,222.0,1975-01-01,1979-10-31,NOE,nein,nein
5890,,BREITENFURT,16.133333,48.150002,437.0,1981-05-01,1986-02-28,NOE,ja,nein
5901,11035,WIEN-HOHE WARTE,16.356388,48.248611,198.0,1880-04-01,2014-11-30,WIE,ja,ja
5916,,WIEN-UNTERLAA,16.422777,48.127499,200.0,1951-01-01,1995-12-31,WIE,nein,nein
5925,11034,WIEN-INNERE STADT,16.366945,48.198334,177.0,1984-12-19,2100-12-31,WIE,ja,ja
5963,,WIEN-HOHE WARTE HANNHUETTE,16.355833,48.248611,198.0,1941-01-01,1987-12-31,WIE,nein,nein
5972,11037,GROSS-ENZERSDORF,16.559166,48.199722,154.0,1983-07-01,2100-12-31,NOE,ja,ja
2116,11064,GARS/Kamp,15.7,48.591946,273.0,2016-05-20,2100-12-31,NOE,ja,ja
6010,,FRANZENSDORF,16.65,48.200001,153.0,1979-10-01,1982-03-31,NOE,nein,nein
6050,,FISCHAMEND,16.613611,48.09861,159.0,1984-08-01,2004-06-30,NOE,nein,ja
6304,11350,SALZBURG-FREISAAL,13.0525,47.790833,420.0,1986-11-01,2006-03-31,SAL,ja,ja
6308,,SALZBURG/FESTUNG,13.05,47.799999,542.0,1930-12-01,1931-12-24,SAL,ja,nein
6415,11152,MATTSEE,13.105556,47.977222,502.0,1999-08-01,2100-12-31,SAL,ja,ja
6530,,WEYREGG,13.5675,47.906387,469.0,1974-07-01,1996-04-30,OOE,ja,nein
19720,11255,KOETSCHACH-MAUTHEN,12.998333,46.676388,705.0,1987-01-01,2100-12-31,KNT,ja,ja
6610,11155,FEUERKOGEL,13.718333,47.81778,1618.0,1930-08-01,2005-10-31,OOE,ja,ja
6620,11154,GMUNDEN,13.8075,47.914722,424.4,1982-08-01,2016-04-26,OOE,ja,ja
6630,,LENZING,13.616667,47.983334,466.0,1961-01-01,1964-12-31,OOE,ja,nein
19600,,ST.LORENZEN/LESACHTAL,12.783334,46.700001,1260.0,1980-01-01,2007-12-31,KNT,ja,nein
19505,11201,SILLIAN,12.423611,46.746387,1081.4,1996-11-01,2100-12-31,TIR,ja,ja
6700,,GRUENAU,13.951111,47.864166,540.0,1985-01-01,1998-12-31,OOE,nein,nein
6900,,TERNBERG,14.353889,47.954445,350.0,1982-05-01,1983-10-31,OOE,nein,nein
6910,,GROSSRAMING/KRAFTWERK,14.517777,47.893333,379.0,1980-02-01,2000-12-31,OOE,ja,nein
19201,11245,BAD GLEICHENBERG,15.901944,46.866665,303.0,1985-04-01,2004-12-31,STMK,ja,nein
18906,11285,DEUTSCHLANDSBERG,15.226944,46.821667,354.0,2001-05-01,2100-12-31,STMK,ja,ja
18810,,WOLFSBERG-REDING,14.85,46.833332,440.0,1980-01-01,1985-09-30,KNT,ja,nein
18805,11214,PREITENEGG,14.915,46.938057,1034.0,1993-06-01,2100-12-31,KNT,ja,ja
18705,11229,ST.ANDRAE/LAVANTTAL,14.828055,46.764168,403.0,1993-03-01,2100-12-31,KNT,ja,ja
18622,11237,ST.VEIT/GLAN,14.385555,46.739166,463.0,2007-08-01,2100-12-31,KNT,ja,ja
18615,,ALTHOFEN,14.483334,46.866665,728.0,1978-07-01,1980-09-30,KNT,ja,nein
18502,11225,WEITENSFELD,14.190833,46.849167,704.0,2007-07-01,2100-12-31,KNT,ja,ja
18500,11225,WEITENSFELD,14.196389,46.844444,705.0,2006-03-01,2007-08-31,KNT,nein,ja
18231,11273,GMUEND,13.534166,46.902779,738.0,2008-07-23,2100-12-31,KNT,ja,ja
18225,11272,SPITTAL/DRAU,13.487223,46.790554,542.0,1993-07-01,2100-12-31,KNT,ja,ja
18220,11272,SPITTAL/DRAU,13.536111,46.774723,524.0,1977-04-01,1996-12-31,KNT,nein,nein
18121,11261,OBERVELLACH,13.223333,46.92889,809.0,1986-12-01,2015-01-30,KNT,ja,ja
10720,11258,NEUDORF/LANDSEE,16.38139,47.562778,429.0,2015-11-01,2100-12-31,BGL,ja,ja
7905,11194,NEUSIEDL AM SEE,16.857779,47.942501,135.0,1984-06-22,2004-07-31,BGL,ja,ja
9901,,ADMONT-MOORWIRTSCHAFT,14.45,47.583332,620.0,1934-03-01,1955-07-31,STMK,nein,nein
9911,11167,HALL/ADMONT,14.490833,47.594444,637.0,2007-07-01,2100-12-31,STMK,ja,ja
9925,11063,ROTTENMANN,14.430278,47.507778,707.0,2009-08-31,2100-12-31,STMK,ja,ja
9105,11327,KIRCHDORF/TIROL,12.463056,47.566113,636.6,2006-06-15,2100-12-31,TIR,ja,ja
9200,,UNKEN,12.743055,47.663055,545.0,1969-01-01,1976-12-31,SAL,nein,nein
9211,11140,LOFER/ORT,12.695278,47.584446,622.0,1999-04-01,2100-12-31,SAL,ja,ja
9406,11371,GOLLING,13.181666,47.59111,490.0,2008-09-30,2100-12-31,SAL,ja,ja
1401,11007,KOLLERSCHLAG,13.839167,48.602779,714.0,2008-06-01,2100-12-31,OOE,ja,ja
1906,11019,ALLENTSTEIG,15.366944,48.690834,599.0,1992-08-01,2100-12-31,NOE,ja,ja
2415,11083,LEISER BERGE,16.371666,48.558887,457.0,1998-04-01,2100-12-31,NOE,ja,ja
2900,,REICHERSBERG,13.37,48.336113,350.0,1961-01-01,2001-12-31,OOE,nein,nein
3315,11050,REICHENAU/MUEHLKREIS,14.345555,48.459167,689.0,2008-07-01,2100-12-31,OOE,ja,ja
3810,,LANGENLOIS,15.7,48.466667,210.0,1980-01-01,1992-02-29,NOE,ja,nein
4221,,GAENSERNDORF,16.687222,48.31139,163.0,1989-02-01,2000-09-30,NOE,ja,nein
4801,,GALLSPACH,13.811666,48.209999,368.0,1990-01-01,2008-03-31,OOE,ja,nein
5103,,ENNS-STADT,14.483334,48.216667,317.0,1988-08-01,1991-04-30,OOE,nein,nein
5302,11018,AMSTETTEN-ALLERSDORF,14.866667,48.116665,275.0,1986-08-01,1989-01-31,NOE,ja,nein
5604,11028,ST.POELTEN/KOPALKASERNE,15.611111,48.180279,285.0,1994-01-01,2005-06-13,NOE,ja,ja
5871,,BADEN,16.233334,48.016666,260.0,1965-01-01,1982-12-31,NOE,ja,nein
5881,11082,GUMPOLDSKIRCHEN,16.282223,48.040279,219.0,1990-10-01,2018-03-29,NOE,ja,ja
6410,11152,MATTSEE,13.1,47.966667,508.0,1980-06-01,1985-06-30,SAL,nein,nein
6510,11153,MONDSEE,13.368889,47.847778,491.0,1982-05-01,2009-02-28,OOE,nein,nein
6800,,KIRCHDORF/KREMS,14.130834,47.899445,445.0,1992-01-01,1993-12-31,OOE,nein,nein
7001,,WEYER,14.667222,47.857777,428.0,1987-05-01,2007-03-31,OOE,ja,nein
7012,11368,WAIDHOFEN/YBBS-ZENTRUM,14.784445,47.957779,365.1,2002-10-10,2019-06-04,NOE,ja,ja
7505,11382,PUCHBERG/SCHNEEBERG,15.906944,47.790279,583.0,1998-04-01,2100-12-31,NOE,ja,ja
7710,11387,SEIBERSDORF,16.504999,47.976387,185.0,1982-01-01,2100-12-31,NOE,ja,ja
18601,11228,FRIESACH,14.405833,46.958611,640.0,2007-07-01,2100-12-31,KNT,ja,ja
19200,11245,BAD GLEICHENBERG,15.9,46.866665,303.0,1928-04-01,1985-03-31,STMK,ja,nein
20123,11213,VILLACH-STADT,13.873889,46.618057,493.0,1994-01-01,2100-12-31,KNT,ja,ja
20219,,POERTSCHACH,14.166667,46.633335,441.0,1978-05-01,1982-09-30,KNT,nein,nein
20903,11264,BAD RADKERSBURG,15.993333,46.692223,207.0,2016-04-01,2100-12-31,STMK,ja,ja
21101,11217,LOIBL/TUNNEL,14.249166,46.44389,1097.0,2007-08-04,2100-12-31,KNT,ja,ja
8301,11100,SULZBERG,9.914444,47.521946,1016.0,2008-09-01,2100-12-31,VBG,ja,ja
8805,11328,ACHENKIRCH,11.705277,47.532223,904.0,1998-07-01,2016-10-31,TIR,ja,ja
9000,,KIRCHBICHL,12.086667,47.515556,498.0,1969-10-01,2001-05-31,TIR,ja,nein
9010,11130,KUFSTEIN,12.163889,47.574165,492.0,1978-01-01,1992-08-31,TIR,nein,nein
9016,11130,KUFSTEIN,12.162778,47.575279,490.0,1992-06-01,2100-12-31,TIR,ja,ja
9450,,ST.KOLOMAN,13.2325,47.651669,1000.0,1990-07-01,2004-03-31,SAL,ja,ja
9500,,ABTENAU,13.348333,47.564445,714.0,1963-08-01,1978-04-30,SAL,ja,nein
9510,,ST.WOLFGANG,13.45,47.733334,575.0,1980-01-01,1987-06-30,OOE,nein,nein
9611,11156,BAD ISCHL,13.65,47.706665,512.0,2003-11-01,2007-12-31,OOE,ja,nein
9613,,BAD ISCHL,13.616111,47.715,480.0,1961-01-01,1962-06-30,OOE,ja,nein
9617,,BAD ISCHL,13.616111,47.715,508.0,1962-07-01,1967-12-31,OOE,ja,nein
9618,11361,BAD ISCHL,13.647223,47.706112,507.0,2007-07-01,2100-12-31,OOE,ja,ja
9643,11356,BAD AUSSEE,13.758333,47.610554,743.0,2013-02-01,2100-12-31,STMK,ja,ja
10401,11177,MUERZZUSCHLAG,15.672778,47.602222,705.0,2008-09-01,2100-12-31,STMK,ja,ja
10511,,REICHENAU/RAX,15.85,47.700001,485.0,1981-01-01,1982-08-31,NOE,nein,nein
12310,,SCHMITTENHOEHE,12.733334,47.333332,1964.0,1948-07-01,1982-03-31,SAL,ja,nein
12351,11339,HOCHFILZEN,12.621111,47.470276,962.0,2007-11-01,2100-12-31,TIR,ja,ja
12411,,SAALFELDEN,12.833333,47.416668,735.0,1974-05-01,1992-04-30,SAL,ja,nein
12500,11141,BISCHOFSHOFEN,13.216666,47.400002,550.0,1980-06-01,2008-06-30,SAL,ja,nein
12504,11141,BISCHOFSHOFEN,13.221111,47.406666,550.0,1996-10-01,2100-12-31,SAL,ja,ja
16000,11220,NEUMARKT,14.433333,47.083332,842.0,1980-01-01,1983-12-31,STMK,ja,nein
15920,11280,MURAU,14.176945,47.111111,816.0,1989-03-01,2100-12-31,STMK,ja,ja
15912,11363,STOLZALPE,14.188334,47.123055,1291.0,2007-07-01,2100-12-31,STMK,ja,ja
15910,11163,STOLZALPE,14.2,47.116665,1305.0,1961-01-01,1999-10-31,STMK,ja,nein
15905,,KRAKAUEBENE,13.952778,47.188057,1312.0,1990-10-01,2007-12-31,STMK,ja,nein
15901,11377,OBERWOELZ,14.286667,47.201946,842.1,2007-08-01,2100-12-31,STMK,ja,ja
15800,,FLATTNITZ,14.035277,46.944721,1438.0,1970-10-01,1996-07-31,KNT,nein,nein
15712,11399,TAMSWEG,13.808333,47.133057,1025.0,2004-10-01,2100-12-31,SAL,ja,ja
15702,11148,ST.MICHAEL/LUNGAU,13.622778,47.094444,1052.0,2008-06-01,2100-12-31,SAL,ja,ja
15700,11148,ST.MICHAEL IM LUNGAU,13.65,47.099998,1094.0,1976-09-01,1988-06-30,SAL,ja,nein
12506,,BISCHOFSHOFEN-BUCHBERG,13.216666,47.400002,733.0,2001-01-01,2003-10-31,SAL,nein,nein
15624,11149,OBERTAUERN,13.566667,47.25,1755.0,1980-02-01,1983-12-31,SAL,ja,nein
15623,11149,OBERTAUERN,13.55,47.25,1775.0,1971-06-01,1973-08-31,SAL,ja,nein
12512,,ST.VEIT-GRAFENHOF,13.166667,47.316666,770.0,1984-11-01,1986-10-31,SAL,nein,nein
12615,11147,RADSTADT,13.456111,47.385277,858.0,1994-06-22,2017-11-13,SAL,ja,ja
12610,11147,RADSTADT,13.45,47.383335,845.0,1977-10-27,1994-12-31,SAL,ja,nein
12616,11208,RADSTADT-TANDALIER,13.440833,47.380001,835.0,2016-08-08,2100-12-31,SAL,ja,ja
12700,,ROHRMOOS,13.659166,47.378334,1075.0,1975-06-01,2000-12-31,STMK,ja,nein
15515,11342,BAD GASTEIN/BOECKSTEIN,13.120833,47.092777,1100.0,1982-03-01,2009-12-29,SAL,ja,nein
15506,,BAD HOFGASTEIN,13.108055,47.161945,842.0,1980-09-01,1982-10-31,SAL,nein,nein
15504,,BAD GASTEIN,13.133333,47.116665,1082.0,1926-04-21,1983-01-31,SAL,ja,nein
15501,11372,BAD GASTEIN,13.133333,47.110554,1092.0,1977-06-01,2100-12-31,SAL,ja,ja
15431,,KOLM-SAIGURN,12.983334,47.066666,1600.0,1975-09-01,1980-09-30,SAL,nein,nein
15420,,HEILIGENBLUT,12.847222,47.033333,1242.0,1978-01-01,1981-02-28,KNT,ja,nein
15414,,SONNBLICK GAW Daten,12.958055,47.055,3105.0,1993-01-01,2001-06-19,SAL,nein,nein
15412,,SONNBLICK-FENSTERHUETTE,12.958055,47.055,3105.0,1986-06-01,2001-10-31,SAL,ja,ja
15411,11343,SONNBLICK (TAWES),12.9575,47.054165,3109.0,1986-06-01,2100-12-31,SAL,ja,ja
15402,11346,RAURIS,12.9925,47.22361,933.8,1992-12-01,2100-12-31,SAL,ja,ja
15400,,RAURIS,13.0,47.216667,945.0,1949-05-01,1989-06-30,SAL,ja,nein
15344,11200,KALS,12.646389,47.004723,1352.4,2007-08-01,2100-12-31,TIR,ja,ja
15341,,KALS-GROSSDORF,12.633333,47.0,1350.0,1984-07-01,1989-12-31,TIR,nein,nein
15105,11136,KRIMML,12.181945,47.229168,1009.0,1997-06-01,2100-12-31,SAL,ja,ja
15101,11136,KRIMML,12.183333,47.23,1000.0,1984-01-01,1997-05-31,SAL,ja,nein
15010,,ZELL AM ZILLER,11.897778,47.233334,585.0,1980-01-01,1985-12-31,TIR,ja,nein
15002,11330,MAYRHOFEN,11.851666,47.162498,640.0,2007-09-01,2100-12-31,TIR,ja,ja
14820,,RINN,11.484445,47.24889,900.0,1961-01-01,2006-07-31,TIR,ja,ja
14810,11126,PATSCHERKOFEL,11.462222,47.209446,2247.0,1961-01-01,2006-07-31,TIR,ja,nein
14802,11129,BRENNER,11.510834,47.007221,1412.0,2007-11-01,2100-12-31,TIR,ja,ja
14800,11128,BRENNER,11.516666,47.0,1450.0,1969-01-01,1976-12-31,TIR,nein,nein
14701,11324,NEUSTIFT/MILDERS,11.291945,47.102779,1007.0,2004-11-01,2100-12-31,TIR,nein,ja
14630,,UMHAUSEN,10.933888,47.137501,1041.0,1961-01-01,2003-05-31,TIR,nein,nein
14622,11317,ST.LEONHARD/PITZTAL,10.865556,47.027222,1454.4,2007-11-27,2100-12-31,TIR,nein,ja
14620,,PIOESMES,10.866667,47.049999,1410.0,1980-01-01,1982-12-31,TIR,ja,nein
14603,11309,HAIMING,10.889444,47.259724,659.0,2007-08-01,2100-12-31,TIR,ja,ja
13000,,OBERZEIRING,14.496111,47.254723,933.0,1980-01-01,1985-07-31,STMK,ja,nein
14520,,PRUTZ,10.666667,47.066666,870.0,1967-07-01,2008-01-31,TIR,ja,nein
14513,11115,IMST,10.742222,47.236946,773.0,2007-08-01,2100-12-31,TIR,ja,ja
14510,11115,IMST,10.741667,47.236111,785.0,1980-01-01,1983-05-31,TIR,ja,nein
14403,11112,LANDECK,10.563611,47.140278,796.0,1993-07-01,2100-12-31,TIR,ja,ja
14401,11112,LANDECK,10.566667,47.133335,785.0,1986-01-01,1993-09-30,TIR,ja,ja
14311,11307,LANGEN AM ARLBERG,10.123333,47.131668,1221.0,2007-08-01,2100-12-31,VBG,ja,ja
14308,11124,VALLUGA,10.212778,47.157501,2805.0,2011-02-14,2100-12-31,TIR,nein,nein
14305,11110,GALZIG,10.230278,47.129723,2079.0,1993-09-01,2100-12-31,TIR,ja,ja
14302,11311,ST.ANTON AM ARLBERG,10.266666,47.13139,1304.1,2007-08-01,2100-12-31,TIR,ja,ja
14301,11109,ST.ANTON AM ARLBERG,10.27,47.131668,1289.0,2006-03-01,2012-04-17,TIR,nein,nein
14150,,Bludenz Bleiche,9.8,47.166668,580.0,1995-01-01,1996-12-31,VBG,nein,nein
14120,,LUENERSEE,9.75,47.066666,1972.0,1963-10-01,1996-01-31,VBG,ja,nein
14115,11304,BRAND,9.738334,47.103054,1029.0,2001-08-01,2100-12-31,VBG,ja,ja
14103,11099,BLUDENZ,9.829445,47.147778,571.0,2015-09-01,2100-12-31,VBG,ja,ja
13907,11393,LUTZMANNSBURG,16.645555,47.465279,201.0,2000-06-01,2100-12-31,BGL,ja,ja
13800,,GLASHUETTEN,16.383888,47.382221,421.0,1974-01-01,1995-12-31,BGL,ja,nein
13702,11197,BERNSTEIN,16.261389,47.408333,631.0,2007-07-01,2100-12-31,BGL,ja,ja
13640,8989042,KROISEGG,16.042223,47.378613,444.0,2016-06-07,2100-12-31,BGL,ja,ja
13605,11390,HARTBERG,15.978611,47.280556,330.0,1994-06-01,2100-12-31,STMK,ja,ja
13400,,RECHBERG,15.416389,47.262779,926.0,1970-09-01,2001-03-31,STMK,ja,nein
13312,11274,LEOBEN,15.086667,47.378334,544.0,2012-12-01,2100-12-31,STMK,ja,ja
13120,11362,KALWANG,14.759722,47.421391,744.0,1994-02-01,2100-12-31,STMK,ja,ja
13116,11166,SECKAU,14.778611,47.270832,872.0,2002-04-01,2100-12-31,STMK,ja,ja
13302,11175,BRUCK/MUR,15.249722,47.405556,482.0,2004-10-01,2100-12-31,STMK,ja,nein
7013,11071,WAIDHOFEN/YBBS,14.809722,47.945557,384.0,2017-03-01,2100-12-31,NOE,ja,ja
7890,11072,NEUSIEDL AM SEE,16.828888,47.949165,117.0,2017-01-01,2100-12-31,BGL,ja,ja
8806,11266,ACHENKIRCH CAMPINGPLATZ,11.706667,47.499443,931.0,2016-10-06,2100-12-31,TIR,ja,ja
19711,11086,KORNAT,12.888889,46.685001,990.0,2017-05-01,2100-12-31,KNT,ja,ja
10410,11383,SEMMERING,15.827778,47.631111,1000.0,1983-11-01,2002-06-30,NOE,ja,ja
12720,11267,DACHSTEIN-HUNERKOGEL,13.626389,47.467777,2700.0,2017-05-29,2100-12-31,OOE,ja,ja
12721,11268,DACHSTEIN-SCHLADMING GLETSCHER,13.6325,47.474445,2520.0,2017-11-13,2100-12-31,OOE,nein,nein
12231,11073,MITTERSILL,12.495833,47.279167,783.0,2017-11-27,2100-12-31,SAL,ja,
20220,11278,POERTSCHACH,14.165277,46.630833,450.0,1982-10-01,2100-12-31,KNT,ja,ja
5935,11090,WIEN-DONAUFELD,16.431389,48.257221,160.0,1996-07-01,2100-12-31,WIE,ja,ja
6512,11153,MONDSEE,13.347222,47.850834,481.0,2009-01-01,2100-12-31,OOE,ja,ja
15321,11138,RUDOLFSHUETTE,12.625834,47.134998,2317.0,1992-12-01,2100-12-31,SAL,ja,ja
